{
  "MAIN": {
    "val": {
      "R2_log": 0.9387209803735661,
      "RMSE_log": 0.1913125714968675,
      "MAE": 293597.9356184593,
      "MedAE": 111723.30191574572,
      "MAPE_%": 12.571006958520362
    },
    "test": {
      "R2_log": 0.8973792930981082,
      "RMSE_log": 0.267843746165849,
      "MAE": 283008.87560553337,
      "MedAE": 106657.07520772424,
      "MAPE_%": 18.601890343346994
    }
  },
  "LAND": {
    "val": {
      "R2_log": 0.858860762507864,
      "RMSE_log": 0.4294351307675226,
      "MAE": 3793843.1221430507,
      "MedAE": 283238.2995502776,
      "MAPE_%": 30.551812530113114
    },
    "test": {
      "R2_log": 0.8117288061231857,
      "RMSE_log": 0.5327669525019926,
      "MAE": 5308552.087409692,
      "MedAE": 481172.8377315526,
      "MAPE_%": 30.382071831836814
    }
  }
}